nombre,dni
Fredericka Delamar,3VW4A7AT7CM189079
Glory Butts,2C3CDXJG5DH164503
Adel MacKowle,WVWAA7AJ1CW013570
Jude Aird,WDDHH8JB4FB468505
Monty Bates,1FMHK7B82BG149098
Dehlia Ropp,1N4AB7AP3EN446503
Joete Stroulger,WAULT68E75A154436
Fara Wyatt,KL4CJCSB3FB373325
Ashley Learmonth,1G4HG5EM5AU883297
Phaedra Kyte,1N6AA0CC1FN735067
Gaspard Stennings,JA32X2HU0DU970340
Liesa Hurt,3C4PDDGG3ET537954
Warde Bygate,JN1AY1AP6BM714891
Farand Strother,1N6AA0CA5FN126658
Kym Seston,SALWR2TF4FA272171
Alfons Dives,JH4CU4F46AC176570
Damien Cordova,1GYS3GEFXDR252159
Hobart Critten,1G6DT57V490075789
Tana MacGaughy,3LN6L2G97DR664718
Daffie Entwhistle,JH4NA21642T526472
Andonis Czapla,5J8TB4H32FL261653
Stevena Netherwood,1NXBE4EE7AZ542255
Randi Goble,3GYFNGEY0BS302297
Freeman Hatchard,2HNYD2H65CH331940
Lacey Bock,WAULD54B73N300231
Germaine Brettel,1G4GF5G33DF736701
Dyana Alliot,SALSF2D41CA362085
Daffy Baudon,1D4PT6GX7BW050344
Tatum Muirden,1FBNE3BLXDD840741
Hildagarde Orchart,WAUAFAFL5FN986077
Christi Bolstridge,3GYEK62NX4G852699
Wilburt Child,JM1NC2MF0E0928325
Catie Gawn,WBABW33496P564525
Nikolas Morrice,1G6KF54952U669196
Erroll Jedraszczyk,1G6DE5EY6B0647541
Mariele de Clercq,3N1CN7AP5FL566625
Milka Sidgwick,3C63DRLL6CG221668
Demott Petrello,2G61R5S35F9210125
Jase Brimm,1GKS1AE08CR949188
Linea Stife,1FMCU4K36AK834367
Devin Rustan,WBANV1C54AB416365
Hilary Chadwyck,WBANA53585B826921
Josefa Madgett,WP0AA2A82CS520372
Peadar Ruslinge,1G6AV5S8XE0413379
Greta Beaton,WAUXL68E24A147345
Stacie Shere,5N1AN0NW4EN197862
Teddy Fipp,JN1CV6FE7BM313615
Shurlock Stenners,WBAVA33517F974781
Cedric Veck,JH4KC1F34EC783318
Eadmund MacGowan,WBANN73557B863038
Phebe Annes,1G6DJ8E39D0194665
Roselia Clemo,WA1VMBFP2EA426505
Phaidra McMurtyr,JM1NC2JF9E0377140
Eba Annis,KMHHT6KD1AU949446
Gil Betjes,1FTSW3A55AE767346
Maximilianus Circuit,1GYEC63847R057352
Milly Maudlen,WAUSF78E86A601317
Kirby Tonna,KL4CJCSB3EB133464
Chickie Jendrys,SCFEFBBC1AG335110
Nike Hardcastle,WBA6B8C55ED680064
Ricki Preskett,3FA6P0PU0FR342948
Kinna Meharg,4T1BD1FK4DU234289
Robert Andres,KL4CJCSB4EB235100
Atalanta Tooher,JTDKN3DU6B0893982
Katuscha Tuft,WAUXL58EX4A003911
Harri Pethick,1G4CU541634179820
Conant Bahlmann,WAULV94E19N041548
Jaquenetta Cutten,2C3CCAKG8EH700733
Ashlin Grabeham,JH4KB16357C642974
Margie Tilney,3D73Y3CL9BG599532
Hattie Glasner,5FNYF3H23AB871163
Saraann MacPake,5GNRNHEE0A8700132
Genna Long,3C63DPBL5CG082882
Bibi Wilkinson,1FTEX1CM2BK804472
Ingemar Kosiada,1GYFC23209R713347
Ware Roseaman,2T1BURHE6FC675870
Margaret Armin,JN1BJ0HP6EM628199
Hamilton Jessel,JTEBU5JRXC5102450
Alyosha Lowseley,JN1BJ0HR4EM997175
Norry Fulger,JN8AE2KP8D9241158
Bennie Galway,WBAYE0C59ED985584
Reynold Clapston,2G4GU5GV7D9098775
Candi Bernardy,5NPEB4AC4CH224508
Angeli Hinners,1FTEX1CM6CF566362
Alexa Petracci,4JGCB2FB8AA529876
Doloritas Pinder,VNKJTUD33FA677769
Paxon Garmston,5UMBT93518L614833
Lonee Troth,WAUWGBFC6EN109153
Madelina Coombe,JN1AZ4EH3FM036589
Kalina Bradford,JH4CL96974C812915
Lynde Puvia,JN1AZ4FH8FM693693
Pat Dabling,3VW4A7AT1DM980693
Inigo Benettini,1G4GC5ER4CF041593
Selby Bertelet,1FTEW1CM8EK388676
Rebeka Babst,WAULD54B24N254907
Gary Goodwell,JH4CL95814C980736
Isobel Iddiens,1G6YV36A165779056
Cecil Greenfield,WBALM7C56AE985794
Chadwick Kelbie,JH4CL95808C087320
Emmi Laverick,WAUEFAFL2DN601721
Izabel Martinets,1G6DL8ED9B0214770
Danila Hubble,5N1AA0NC6AN507988
Henry Barrack,5UXFA13565L234216
Cassandre Bonnette,WVGAV3AX8EW935107
Dotti Suerz,WBAEN334X5E599472
Lamont Arkcoll,1YVHZ8BH7C5327930
Giulietta Joiris,WBA6B2C59ED465106
Brietta Spencer,2G61R5S38E9977191
Mirilla Hakeworth,5J8TB4H70GL248646
Padgett Coath,5N1BA0NE6FN351206
Ermin Fulep,JH4NA12653T467958
Constancia Greenalf,WBAFU7C51BD641164
Brock Whithorn,1N6AF0KX4EN473372
Ellynn Rawet,YV4940BZ9E1921266
Lucie Mugridge,1N6AA0CH5DN875700
King Willacot,WAUMFBFL9DN585101
Zuzana Garfield,1FTEW1CM2DF738956
Kimball Coleman,1FTEX1E8XAK445337
Foster Kimber,5UXWX5C54BL358020
Geneva Bradneck,SCFEFBAC5AG380049
Mechelle Gabriel,SCFFDECN5CG809963
Abelard Delwater,WAULD64B94N901681
Shaylynn Stable,1G6DP577350881316
Judie Bierling,WDCGG5GB9BF262253
Rozanne Hallwell,2G4WS55J631859178
Grange Attwoull,1G6DH5EY1B0773295
Ingunna Havenhand,WDDEJ7KB7AA217122
Fidelity Stothart,19UUA86289A404677
Anabella Pennings,1D7RB1CT1BS974323
Haskel Pre,1FTWX3A59AE600955
Erik Sinkins,WBACN33451L479382
Laurella Paslow,WBAUP73589V706630
Gerladina Skule,WA1MKAFPXAA292719
Sileas Tween,WA1WMAFE3CD576602
Iolande Goodered,2C3CDYCJ5DH219031
Tedmund Palmer,1G6DC8EY3B0017614
Jaime Galier,2G61S5S36E9164467
Alexander MacCague,JN8AZ2NDXF9743016
Blinnie Rigard,3VW1K7AJXCM538606
Chad Kett,5GALRBEDXAJ735480
Lesli Gagie,4T1BF3EKXBU295845
Arman Jozsa,WAULD64B83N210527
Karina Clemerson,1C4RDJDG0CC610315
Lesli Penwarden,WA1EY94L88D750624
Kore Roubert,SALVP2BG5FH029679
Shoshanna Mattack,1G6DF8EY2B0388867
Fielding Housiaux,5UXZV8C52CL276194
Elnore Ower,1G6AX5S3XE0509155
Larissa Fullick,JTEBU5JR5F5920351
Gwendolin Ranahan,1FMJK1G5XEE735089
Jay Origan,WDDEJ7EBXBA057217
Jamey Harradine,JTEBU5JRXC5028172
Ingeborg Forward,19XFB2F56FE304551
Riki Bendel,2T1BU4EEXDC131781
Brock Dryburgh,5YMGZ0C5XCL803713
Henryetta Oliffe,5UXFE8C5XAL283538
Cullie Woodvine,1C4RDHEG2EC866739
Ingrim Stodart,3C3CFFCR8FT824627
Jakie Costell,WBABD33434P638864
Andrea Sopp,WAUJC58E62A877577
Lynnea Jopling,JM3TB2CA9F0912021
Meredithe Gayle,19VDE1F32DE842094
Gael Allott,1G6AX5S31F0127565
Talya Gregr,WAULT58E04A058902
Kristian Drance,1D4PU2GK9BW061310
Mufinella Lownes,4T1BK3DB9CU507648
Ronnica Hatchell,1N4AL2AP3AN841758
Opalina Proudman,1N6AF0KX6FN258772
Kort Copping,1C6RD7PT4CS012852
Carlin Ribey,WAUPFAFM0AA150714
Kat Stonebanks,WVWAB7AJ1CW123998
Brewer Robottom,3GYFNCE39DS653502
Silas Troman,WBAKA8C58AC011935
Marion Cleft,WDDGF4HB8DG087353
Flori Egell,1N4AL3APXDC657875
Connie Reddle,1G4GC5GG2AF712462
Allina Naish,WAUEL74F56N142793
Cissy Rue,KMHTC6AD0CU242868
Bernadina Routhorn,WA1YD54B42N293109
Dorri Yakunin,1D4RE4GG1BC479438
Myranda Bradnock,JH4CL96935C175068
Daniella Banfill,1N4AA5AP0EC720971
Cal Pardew,WAUMF78K59N506774
Ambrosio Kingswell,WA1YD64B03N804340
Kalle Litt,WVWDB7AJ1EW974103
Elke Holehouse,WDDHF7GB8EA184404
Evyn Marriott,WAUHF78P08A940426
Muffin Dellit,WAURD68D72A481591
Aileen L'oiseau,WBADT53463C188480
Ed Gilbart,TRUSC28N641429709
Layton Archbold,JA4AS2AWXDU104033
Esmaria McBride,WBASN4C55CC259379
Junia Mutch,JTDZN3EU1FJ358894
Yevette Ginsie,WA1EY74L19D642433
Ira Mulrooney,5GADV23L95D863532
Lucila Emanulsson,WAU4FBFL4CA956008
Abbey Savaage,JH4DC53063C240916
Kerrin Waything,WUAUUAFG8EN437080
Evangelia Selway,JH4DB85961S917398
Ceil Ferreo,WVGAV3AX2EW057108
Leeanne Drayton,5XYKT3A16BG918521
Fara McCurrie,5J8TB18298A902222
Shelagh Clutram,2C3CDXEJ4DH667123
Tandy MacIlhargy,SCFFDCCD6CG183920
Margaux Elia,1GYS4EEJ2DR754153
Perl Knath,3D7TT2HT2AG970806
Wolfie Chateau,4JGBF2FE8BA634803
Hannah McLafferty,WA1WGAFP8EA105879
Filippo Hucks,JTHBB1BA3C2242268
Audi Wiburn,1C4NJPBA4FD953944
Ellene Polon,WP0AB2A94AS303683
Gabbi Heimann,1FTWX3B58AE317025
Trixi Shovelbottom,JTEBC3EH9C2269344
Ashbey Cutforth,1GKUKGEJ4AR844856
Karel Waddington,JN1AZ4EH4FM781934
Agatha Sweetmore,1YVHZ8BH9A5785210
Laverne Savill,WAUJT64B52N778338
Tammi Owenson,SCBFU7ZA9DC499259
Andras Giorgi,2T2BK1BA4FC857656
Coreen Moncarr,5UXFE83539L410559
Herold Wetter,1G6DP577160762746
Lind Crackel,JH4CU2F84DC317549
Sargent Berrow,3GYFNCEY8BS633041
Tabby Vassay,1B3CB8HB3BD026410
Thom Fink,WBAKE5C53BE332886
Willyt Bettles,WBAPK53579A001759
Nadean Thring,2C3CDXCT6CH775133
Anni Fawckner,WA1BV94L18D886248
Addi Sandars,1G6DL5E3XC0425645
Rosemary Heugh,YV1672MK8D2877840
Yvon Ferdinand,2C4RDGCG9CR356549
Bobby Eakeley,1GYFK26219R747635
Terri-jo Thireau,KMHEC4A48BA852188
Myrtle Greson,JM1DE1HY3B0041356
Ody McMorran,3C63DPGL8CG383400
Vin Lamming,1GYS3JKJ0FR039097
Kelcie Gawke,5UXFA135X4L184547
Wilie Tremmil,JH4NA126X4T523488
Niko McNaughton,WVGAV7AX5CW058662
Shea Mann,5N1AT2MLXFC363968
Deana Clout,WAUPL58EX4A006775
Cindie Montford,WAUEFAFL4DN167446
Vail Duthy,1D7CW3BKXAS532654
Verene Naldrett,1G4HR54K45U431549
Deloria Abramamov,5YMGZ0C56DL776477
Catharine Ipsley,WA1CM94L09D549126
Harold Brooker,5GAKRDED8CJ350834
Guthrie Birts,1FTEW1CF9FK377186
Marley Curnick,4T1BF1FK3FU784628
Marietta Baline,WUADU78EX8N625134
Josefa Aldrich,WA1DGBFE3CD647785
Sarina Storck,SCBGC3ZA5EC858883
Blythe Buxam,5TDDK4CC8AS474141
Lacee le Keux,WDCYC3HF0DX835267
Britt Bees,1C3BC5ED0AN231112
Torey Rayburn,5N1AN0NU4AC554459
Brendan Medland,2T1BU4EE5DC780971
Kitti Tanner,WA1DGBFE0ED877030
Raddie Size,JTJBARBZXF2903109
Bren Tippett,WVGEF9BP6ED344527
Fowler Ianni,JM1BL1K52B1932342
Lucienne Ferenczy,2B3CK4CV8AH075775
Frannie Horstead,WA1YD54B53N670077
Car Sagrott,JA32X8HW1DU970433
Miran Iwaszkiewicz,1N6AA0CA4FN798954
Haydon Darrington,WA1LGAFE3BD531569
Eb Game,WP0AA2A94CS441553
Dru Jakoub,NM0KS9AN0AT295020
Tanner Harlick,19UUA65556A322014
Broderic Englishby,SCFAB02E89G295779
Egor Buxton,WUAUUAFG0EN944815
Doll Yaldren,1FTWX3A57AE292278
Elbertina Spurdle,WAUDL74F45N725348
Kordula Kempson,SCBZB25E42C465208
Elroy Kirkam,2C4RDGAG4CR544589
Rodrick Kensall,WUADNAFG6AN294797
Arabele Cancellor,WBAGL83514D934465
Betsey Mazin,3C6JD7CT9CG115078
Obadias Gardener,JTDKTUD37DD396552
Hans McLaren,3GYFNDE3XDS322112
Tyne Donan,WAURVAFD0BN107710
Giordano Hembry,WBADT534X1C164695
Dede Whickman,WAULT68E84A935898
Stanislaus Tomanek,2G4WF551141402980
Preston Peachman,1N4AA5AP1AC451096
Deena MacSweeney,WAUEFAFL9FN703178
Natale Woolford,WBAYE8C52FD788319
Sib Castro,WAUDG78E66A770922
Lewes Fleming,1G6AE5S3XE0793179
Milton Bromet,4USBT33555L466791
Vanya Angerstein,1FTEW1CM2DF060757
Colly Timoney,KM8NU4CC6CU862509
Marijo Renne,JH4KB16517C651205
Kristo Crinson,WAUDG74F99N883629
Gustav Dincey,WAUJC68E43A881263
Scott Dullingham,1D7RB1CP4AS914134
Phyllis Conkey,2G4WE587571695564
Pamella Dickerline,5N1AR2MM6DC719482
Allard Orsay,JN1BJ0HPXEM144780
Querida Yurlov,WBANV93589C129776
Corny Orwin,1GD422CG4EF058337
Dorolisa Adamoli,3GYFNFE38CS685311
Lou Stripp,3VWML7AJ9DM434944
Janey Gee,WBA1M1C53FV512205
Dulce Kuhlmey,WBAVB13586P010723
Onofredo Relf,WDCYC3HF0CX493270
Lianna Ludgrove,WAUMK78K29N274923
Dolorita Corington,JM3ER2W31A0474900
Tandie Causbey,WA1DGAFE7ED820575
Caron How to preserve,1FTSX2B51AE732597
Ursa Izod,5N1AN0NW5FN129104
Earvin Dresse,WDDHF0EB3EA587037
Temple Lared,5TFBY5F15BX077097
Sibyl Wallbridge,1GD11ZCG4BF279561
Kittie Yuryaev,JM1NC2JF0C0332617
Griff Maxfield,5N1AN0NU9FN806489
Doralynn Carrel,19UUA75697A260939
Gannon Kirsopp,19XFA1E34BE717530
Mallory O'Dulchonta,WAUGU44D63N201090
Magdaia Buscher,2G4WC552661623561
Koressa Rockhall,WAUDG98E75A838297
Vyky Stamper,WVWAN7AN2DE168644
Candide Death,5FRYD4H23GB396214
Lynnett Faivre,WBAEJ13463A092041
Gunar Steadman,WAUPN94E99N680472
Analiese Rudeforth,1C3CDZBG1EN085624
Winslow Arkill,3D7JB1EP4AG786852
Pren Rivers,3GYFK66N96G748545
Ignaz Aspall,3FAHP0CG8BR216100
Washington Agastina,5N1AR2MM9DC639366
Sadella Mickelwright,3GYFK66N96G413852
Gaylord Ravillas,JN1CV6AP3CM618488
Fletch Heersma,2T3BFREV7FW836408
Huntington Moukes,3D73M4EL7BG334106
Jeniffer McKimmey,5FRYD4H64GB606919
Torre Schimank,WUARL48H84K122067
Nolie Wayvill,WVGAK7A93AD805467
Margarethe Ryal,5TDBK3EH3AS665895
Colby Gee,JN1BY0AP6AM306470
Nancee Poncet,WAUEG78EX6A704460
Anselma Pouck,WBAUN13559V541963
Dun Tootal,3C6JD6DT8CG204813
Christiane Adamovsky,3D73M4CL0AG283713
Bellina Leakner,WBAFR9C52CD412099
Hall Instrell,WBA3B5C55EF742097
Justino Leads,5J6TF2H51FL413621
Merissa Fradson,WBADN53472G146224
Isidora Alexandersson,1GYUCKEF6AR906369
Joycelin Robens,3C63DPML9CG736988
Abbe Orvis,WDBSK7AA4CF911323
Quinn Feaver,KNADM4A36C6505139
Dorise Dimont,WP0CA2A89FK336785
Max Herrero,WAUDG74F65N842496
Roosevelt Hillum,SAJWJ2GD1F8781635
Schuyler Showell,3N1CE2CP4FL229153
Othello Jills,1GYS3CKJ6FR612709
Jeffry Brydell,5N1AA0ND8FN791317
Winn Fassan,WAUBF78E28A746842
Rosalinda Laux,5BZAF0AA2FN551360
Adriana Drinkhill,WA1CMAFE9CD996352
Sibylle Dutson,WBA3B1C51DK923258
Onfroi Strathe,WBASP2C5XBC298272
Standford Lushey,WVGAV7AX0FW627440
Chen Fredi,1G4HK5E90AU435379
Estrellita Story,NM0KS7DN3AT099881
Octavia Blouet,1ZVBP8AM6D5925540
Ethyl Local,3N1CN7AP1FL911102
Sabine Redrup,WP0AA2A98FS314339
Jecho Crowdson,YV1902MDXF1776469
Trenna Rabbe,WBY2Z2C56FV295052
Dru Gillet,5N1AN0NU7AC349038
Bridgette Tyson,2T1BURHE6EC012717
Thebault Ambridge,KMHFC4DD1BA489085
Kaile Abadam,JM1CW2CL0F0647701
Jimmie Batalini,2C3CCAGG8EH828771
Niven Farfalameev,1C3BC6EV1AN304633
Sydney Madigan,3C3CFFBR2ET453139
Yolanda Koch,1G4GE5ED3BF222679
Conant Pickersgill,WAUGF78K39A626187
Jareb Lightbody,WBADN53402G928395
Cesya Henri,5J6TF2H59FL231651
Sammie Hanton,WBA3A5G55CN444410
Myrvyn Shann,19XFA1E62AE843748
Noemi McKevin,1G6KF54983U432087
Eustacia Shambrooke,1D4PT2GK5BW297374
Marius Broschek,2G61R5S35E9612175
Cody Conochie,SAJWA0F77F8637104
Linn Whiles,1D7RB1CT2BS546793
Franklin Downton,JM1NC2LF6F0659735
Corry Gadd,JHMFA3F23AS412581
Vidovik Gligoraci,WAURFAFR9DA496382
Fidelia Kidby,WBABD334X5J572463
Marcy Faucherand,2HNYD28887H446751
Willey Wardhaw,WP0AB2A9XFS352863
Bentlee Dykins,WVGAV7AX1FW339247
Holmes Bonus,WAUNF98P08A384925
Lyle Brum,WBANU53589C258659
Karl Waything,KNAFK4A61E5851097
Jonell Wilkison,WA1EV74L27D162312
Dagmar Borris,WBAGL83504D304078
Meggi Dunlop,SAJWJ0EF0E8240325
Levon Attwater,3C3CFFHH7FT747877
Sterne Stirland,JM1CR2W31A0772332
Mata Stichall,ZHWGU5BZ1CL786042
Stacy Esche,2T2BK1BA8DC148399
Devlen Fleischmann,WBA3V9C52F5944806
Anica Killwick,WA1LFBFP1DA556274
Toinette Bedboro,KMHDB8AEXCU361894
Jamill Stripling,3C4PDDBG6ET242368
Kendal Duly,3N1CE2CP3FL105097
Bartholomew Campelli,WA1CGAFEXDD671640
Flin Rabbitt,4USBU53558L518997
Wynne Tegeller,1G6DN8EV9A0331542
Brittan Broughton,2C3CCADG5EH188801
Selby Elleray,1GYS3BEF9DR520363
Catherine Richard,3GYFNGE32CS694429
Trisha Derricoat,KNADM5A34F6182056
Christophe Barham,3LNDL2L33CR162800
Juliette Pic,WBANA53585C749901
Dar Olenikov,WVGFF9BP3BD670463
Jilli Purselow,1G6KD57Y92U530777
Hannis Witton,SCBLF34F63C655023
Nadiya Cocklin,1FAHP3HN7AW333803
Barry Langthorn,5N1AT2ML0FC613010
Leda Brands,2C3CDXDT1EH476697
Misha Drowsfield,3D4PH3FG4BT427610
Fanchon Dagg,1N6AD0CW6FN241935
Cate Vany,KMHEC4A40BA182376
Rori Balden,WAUWFAFH2AN113400
Eulalie Vasse,1G4GD5EG1AF114671
Laney Dougary,5UXZV4C51CL351346
Hector Dunford,2FMDK3AC1AB566411
Kristofer Goghin,2C3CDXCT0EH997668
Bradly Brick,WAUJC68E25A100873
Jolie Deinert,4T3BA3BB1FU770413
Chrysa Nannini,1FTSX2B50AE461578
Horatio Bashford,WBALZ3C50CC954159
Ethan Rishworth,1G6DG5E50C0549624
Koo Winckle,YV1902MCXF1380243
Kissie Hanrahan,WAUKD78P17A886113
Ogden De Launde,1C3CDFAA1DD403872
Rosalind Masurel,1G4GA5EC6BF537348
Sianna Biaggelli,YV426MDB8F2952166
Von Noton,WAUJT54B42N067420
Isa Starbuck,1FMJK1K55AE168209
Nat Dorken,YV440MBK9F1077957
Llywellyn Fiddian,1N4AL2AP9BN664148
Aime Yesinov,WAUKF78E17A354739
Caron Barkaway,5TFCY5F16CX652054
Chelsy Vardie,1GKS2FEJ7CR990009
Licha Scocroft,WBAUN1C53AV270325
Johannah Aldrich,SAJWJ0FF8F8525161
Lettie Schultheiss,1GYS3JEF7BR322856
Judah Lumsdaine,JTDKN3DUXA0504825
Ricardo O'Concannon,WBADT33452G626871
Taryn Elnaugh,WA1WKAFP5BA542233
Abrahan Prettyjohns,WBA1M1C56FV203120
Carney Scarsbrook,1FAHP2D85DG810396
Montgomery Goodall,JN8AZ1FY5EW905761
Norri Seddon,WAUEFBFL0CN529518
Tedie Dwerryhouse,JN1AZ4EHXBM700591
Reece Soffe,3N1CN7AP4EK702148
Sunny Bynert,5J6TF1H52DL307265
Adena Rushbury,1FTWW3A5XAE335398
Erin Caines,1GYS3AEF8DR578698
Lorie Richford,5J8TB4H52GL839060
Brandi Gras,1FTEX1CM9BF978838
Adam Elgram,WAUNF98P46A941641
Jud Boddy,WBAPH53509A085907
Tiena Thomkins,WA1EV74L58D928261
Spense McLaine,SALFP2BG0FH181051
Jordain Kiernan,4JGCB2FE4BA668804
Antonia MacIllrick,WAUDF98E85A601630
Damita Borrell,3GYFK66N25G902897
Fowler Turvey,2B3CA7CW2AH969333
Fin Edards,WAURV78T58A571566
Valaria Dorcey,JTDKN3DP5F3769863
Rosalinda Yesenin,4T1BD1FK3FU975648
Alicea Knowlden,3C3CFFFH2ET983256
Deni Jeannel,WP0CB2A81CS555670
Philis Donnell,WA1CGAFE8FD529614
Livy Milton,1GKS1CKJ0FR897651
Stevie Shevlan,1D7RE5GK9BS305474
Jeth Barthelemy,WAUWFAFH9BN300229
Osmond Skelbeck,3N1AB7APXFY724475
Julietta Jikovsky,3N1CN7AP1DL477616
Major Odell,WBAGH83451D681249
Keir Fabler,WBAEP33483P557068
Blair Rookes,WA1AY94L27D997991
Mattie Fussell,WAUDG98E86A485392
Audi Ertelt,WAUBVAFA1AN642714
Kipp Proger,KMHTC6AD6DU900694
Liesa Moulsdale,3N6CM0KN9DK819269
Wendall Fussen,WBAPN73559A283550
Dahlia Keggins,JM1NC2SF1F0653875
Lillian Mandal,1N6AF0LY7FN151883
Kelcy Jeckells,WDDDJ7CB0BA396194
Greg Lodewick,1G6DC8EY8B0725731
Wes Pletts,2T1BURHE7FC151207
Catherin Danilovitch,5TDBM5G10AS899966
Joannes Chapiro,1FMEU2DE2AU849206
Dimitry Ccomini,WBAKB0C59BC940869
Emmanuel Sexten,1C3CDFAA6ED408776
Selig Lackham,WDDEJ7GB7AA014031
Antoinette Musico,WA1WKAFP7CA779811
Bonni Pashley,5TFBW5F17AX373632
Keary Danser,3VWML7AJ7CM690613
Eva Bayldon,WBAAX13413P368832
Donavon Fresson,SCFAD01A25G957049
Dasha Forlonge,3GYFNFEY7AS439858
Ynes Minico,2C4JRGAG9ER174239
Arabel Realy,JN1EY1AP6EM409512
Chrystel Bergin,KNALN4D71F5160863
Tedmund Gaye,1G6DL67A480628264
Kingsley Exeter,5TFBW5F19CX889252
Jacqueline MacClay,WBAKE3C54CE195222
Frasquito Bottle,JHMZE2H34ES832275
Keene Ellwell,1GD01XEG1FZ839988
Joan Conklin,JN1AV7AP1FM575285
Adria Davydenko,WAUAGAFD5DN771415
Brook Ianniello,1FMJK1F50DE898558
Clint Dansken,KNADM4A37D6848172
Prentice Garrow,JTDZN3EU9D3020337
Rhea Gokes,1GYS4RKJ3FR795194
Burg Fermin,JA4AS2AW5AZ320077
Boyd Millier,WAUMF98KX9A517997
Sigmund Jakov,1G6DL8EY1B0156737
Alexandrina Checklin,SCBDR3ZA9AC004183
Aurilia Whitwam,1GYFK43579R388866
Tad Loffill,1G4HA5EM4AU994893
Benoite Jeune,1N6AA0CC6CN619715
Ferne Reicherz,WBASN4C54AC796418
Jaime Stanford,1B3CB8HB7AD791568
Yanaton MacCambridge,3D7JV1EP6AG001156
Harland Yegorkin,2FMGK5BC8BB406745
Aundrea Kenn,5J8TB18557A079197
Buddie Bullivent,1C6RD6MTXCS733255
Lesli Javes,1C3BC2EB1BN499326
Fin Eastop,1G4HR57Y56U700711
Addia Scading,1GYS3NKJ0FR969105
Demetris Painter,5UXWX7C51DL418107
Aryn Janos,2HNYD18723H768510
Delaney Scotchbrook,JTEBU5JR1D5870660
Babbie Bonny,WAUAH74F67N550558
Beatrisa Embery,5BZBF0AA1FN544517
Celine Diplock,TRUWC28N821219451
Christabel Lakenton,JHMZE2H71ES499892
Huntington Humblestone,WBA3R5C57EK203970
Alessandra Nelmes,WAUDGBFL5AA145974
Kendra Oxby,SALVP2BG0EH267485
Esmeralda Skelding,3VWF17AT6FM583217
Hartley Karolczyk,JN8AF5MR7ET878916
Alford Van Giffen,WAUGFAFR2CA168954
Hans McAuley,JN8AF5MR9BT395522
Arni Gellert,YV1612FH9E1457465
Virgie Steel,4JGCB2FB3AA572988
Giulio Jonczyk,WAUVC68E95A540428
Stacy Nicholl,WBAYA8C54ED980545
Isaac Keppe,WBAVM1C53DV405167
Isabel Pelchat,3GTU2YEJ0DG288437
Maryanne Marton,WAUVC58E33A530291
Iain Bothie,2HNYD28299H194278
Alric McKeurton,WAUKF98E97A724539
Jordana Dunstan,137ZA84371E408011
Turner MacKnocker,1FTEX1CM9CF475540
Sena Placidi,5N1AR2MM5FC745994
Nerita Raspison,1N6AA0EC1EN810720
Tremain Dunmore,WAU4FBFLXBA067356
Kaylee Assender,SCFAD02A47G177118
Bond Purkiss,JTHBL1EF3B5505022
Marlyn Tollfree,JN8AZ1MU0EW474164
Dolley Jaggard,5N1AN0NU6CN629511
Normand Hryskiewicz,WDDHH8HB9BA334577
Heath Gage,1FAHP2DW6CG573799
Tallie Loy,3FAHP0CG5CR282945
Merla Hacquoil,4USDU53597L694782
Tabb Postans,1N6AA0EJ6FN622145
Hanna Keech,1G6DR57V680873997
Agretha Tissington,JN1CV6FE2DM781495
Alano Deschlein,WAUHGAFC2DN344702
Claudia Davall,SALFR2BN4BH372507
Olivie Gerhts,3VW4A7AT6DM250939
Filberte Van der Son,SCBBR9ZA1AC995406
Jarvis Currie,1N6AA0EJ0FN271314
Man Quarles,1GYS3HEF4ER649292
Davita MacAskie,JTEBU5JR3B5470161
Thatch Alltimes,2T1BURHEXFC849715
Charmain Josephsen,JN1CV6FE7BM269566
Katuscha Isley,WP0AA2A95AS809915
Charity Bottoner,3MZBM1U79EM557890
Yettie Bachelor,WAUSH74F17N871671
Kristel Bragginton,2FMDK3GC1BB687271
Addi Staterfield,1C6RD7LP7CS927168
Dave Pringell,WVWBB7AJXDW731590
Ronnie Wenham,JM1DE1KY3D0062607
Courtnay Rochester,YV1960AS1A1542624
Lynnett Sowter,SCBLC43F45C434202
Annalise Pidon,JM1NC2LF1E0407373
Ewan MacTimpany,2T2BK1BA3FC078703
Raviv Glayzer,1B3CC1FB9AN328526
Padraig Skellorne,4A31K5DF6CE093184
Jeramie Banton,2T1BU4EE5DC395233
Toinette Keinrat,5UXFB53556L376871
Pia Canizares,WP0CB2A8XFS667310
Kearney Fabri,WAUWFBFL0CA570226
Caz Grosvenor,WAUPL68E24A063669
Francisco Petkens,JTDKN3DU6A0445000
Kai Mundall,1GYEC63868R321947
Caryl Whettleton,2C4RDGBG8CR265905
Laraine Berthot,WA1BV74L48D811001
Emmaline Sheere,WBA3N3C5XFK064497
Marji Gamwell,1GD11ZCG5CF144459
Donnell Cawood,WAU3VAFRXAA419850
Ashbey Cavanaugh,1G6AL5S33D0640079
Pansy Keysel,JA32X2HU8EU046990
Darbie Boughtflower,WUAUUAFG1BN137263
Albertine Sandels,SCFPDCGP6EG860394
Ludovika Markushkin,JTHFE2C28A2910035
Hasty Daine,WBABD33494P942149
Caye Riepl,WP0CA2A84AS583267
Lyle Vigne,1FTEW1E87AK395127
Orsola Munt,3C6JR6CT3DG660691
Thalia Bouskill,WBAUN1C50CV935202
Arlana Winslade,1G6KE57Y23U501801
Isabeau Petts,WAUEFBFL9EN832560
Aymer Van Arsdale,JM1GJ1T62F1571719
Willie Gother,1G6KE57Y83U785404
Stacie Caberas,1FMJU1F57AE300102
Malena Carss,5TDDK3DC8CS200496
Raul Clubley,1B3BD1FBXBN233015
Donni Ropert,JH4CL968X4C537239
Ediva Kosel,1FMJK1H54EE038578
Augustus Eam,5N1AN0NU5CC960804
Dusty Nail,1G6DV5EP6B0936698
Adel Pioch,WAUAC68D11A449377
Fidel Nussii,5FNYF3H21FB440831
Andros Pezey,1GD021EG6FZ518779
Thor Secombe,1G6DP57V880896509
Rick Chalcraft,3D73M4CLXAG585879
Amalita Weatherdon,WBALW3C57CC161532
Karlens Fittall,1NXBE4EE4AZ372422
Selinda Harkins,WBASP4C51AC203561
Cordy Whild,1FMCU0F79FU920824
Lothario Lethbury,1FTEW1C89AK092739
Carita Asken,1G4PP5SKXE4459280
Kristel Billany,1FMJU1H54AE387552
Amalee Clover,JN1AZ4EH8DM668789
Chadwick Iorns,1G6AB5R32E0535852
Jeddy Orgee,1FADP3E26FL321675
Blithe Vinson,WAUDG74F29N507371
Lyndell Korlat,1FTWX3A53AE496446
Odele Dodwell,4T3BA3BBXEU268787
Julietta Prendeguest,WDDEJ7EBXEA269488
Vinita Handley,5TFCM5F15AX737153
Eberhard Crookshanks,2C3CDXGJ7CH731621
Jacques Habbershon,JH4KA96684C517362
Nathanael Edmonstone,4JGDA2EB4CA742030
Gannie Eyes,WBAVA33508F818197
Clarance Ropkes,1GTC5MF95B8531453
Liv Le Houx,WBAYG6C54FD689273
Mateo Clineck,1GKS1EEFXDR777677
Alvin Davidman,YV1960BW7A1786327
Rickert Trewhella,1D7RB1CP8AS134721
Blancha Fonzone,2C3CDXCT9FH945294
Aldrich Gieves,WAUDK78T28A768858
Linzy Knowller,WAUDF98E45A806202
Stanton Huey,2FMPK3K94FB277711
Ransell Fahrenbacher,WAULFAFH8CN384922
Anatole Baverstock,5GAKVBKD6DJ136432
Brittan Bang,JHMZE2H39BS669019
Sharla Peepall,JHMFA3F25BS302682
Eric Haddrell,1G6KH5EY4AU890058
Jacques Frearson,WBA1K5C50FV426685
Hadleigh O'Moylan,YV126MEB1F1505566
Colver Edison,1HGCP2E71AA706918
Markos Physick,3C4PDDDG2CT162334
Pinchas Eames,1VWAP7A3XEC366889
Karola Willoughby,3D4PH6FV3AT889039
Elias Glander,3D7LP2ET6BG726778
Molli Tanton,1C3BC8EG4BN590170
Devan Greenan,SAJWA4ECXBM278841
Issi Janaszkiewicz,SAJWA2EK8EM162702
Ad Bareham,2G4GK5EX2E9778014
Jordan Adie,19XFB2E28CE836869
Everard Cothey,4USBT33525L521701
Kare McVie,1G6DL8EY1B0466743
Kelsey Lannin,1GYS4CEF2DR618623
Laney Offener,WDDNG9FB0DA086821
Morey Labin,WA1LFBFP4CA830193
Camel Littlejohns,WBAYE8C57FD003101
Elfie Bartocci,5UXZW0C51D0301376
Wilden Bartel,1C4RJEAG6CC266249
Rheta Whybrow,JTEBC3EH8D2758674
Nancy Cessford,1D7RE2GK1BS417040
Aurie Hamblen,KNAFX5A8XE5139504
Phip Cassedy,1G6DG577090521894
Lorens Wanstall,WAUHF98P66A983466
Ole Bernucci,WBAWB3C53AP818051
Andrew Sappy,5N1AN0NUXFN376228
Ruth Cursons,1G6KF57935U134500
Antonino Curme,3N1AB7AP0FL946701
Krystal Greves,WAUAC68D51A244984
Ly Wallett,WBAGL63505D438644
Mariam Scinelli,WBA3V7C5XEP269505
Petey Robertson,1N6AD0CW2EN691483
Elliott Bubbear,WA1YD64B32N814214
Conrade Linklet,WAUBGAFC2CN913469
Rickie Matevosian,SCFLDCFPXEG479115
Fiann Padgett,JTJHY7AX8A4619260
Kathy McInally,WAUDF78E68A859881
Golda Welham,WAUVFAFR3AA681957
Hillie Cay,1G6DP1E34C0578065
Petunia Chave,1FMCU4K37CK654480
Ashli Spurden,19XFB4F21FE397609
Kerk Jurczak,SCFHDDATXEG341011
Gerhardt Pantlin,WDDJK7DA9DF791549
Jane Layzell,2G4WC532251313652
Cecilla Andino,5UXWX7C54CL862824
Farrand Gethin,3C3CFFJH8ET824362
Luciana Colloby,1FT7W2A60EE362669
Theodore Uccelli,1G6AJ5S38E0141124
Cosimo Nassy,3D73Y3CL8AG740198
Adams Poetz,WBALZ3C58CD791609
Merla Chapier,WBAVC93507K343802
Arte De Blasi,1G6YV36A475659639
Adria Jeeks,1FTEX1E83AF999330
Jeramie Greenaway,WA1YD64B62N905851
Krissy Fetters,2G4GU5GCXB9190510
Francene Ewenson,3D4PH9FV5AT633910
Chickie Jardin,1GKS1KE09ER281684
Karlan Weymouth,3FA6P0PUXFR515410
Shelia Dowdle,4A31K3DT7AE474761
Guillemette Noriega,5FNRL3H2XAB161934
Gerome Booler,1G6DB8E53E0289075
Hervey Bentsen,4T3BA3BB3CU205429
Constantine Lockner,WBAGN63444D904284
Gaye Hertwell,WBA3B3G57EN245055
Abbey Matczak,WBA3A9C58EK253100
Crin Bullingham,JTDKN3DP9E3141478
Justus Burrow,WAUKFBFL8EA530350
Ban Tomsa,1C6RD6MT7CS375385
Nicoli Divers,SCBGR3ZA3DC174038
Broddie Broadley,3D7JV1EP6AG821270
Mei Tremellan,1N6AA0EJXFN319336
Cassey Cotton,5NPDH4AE9FH293453
Kendell Ingleton,WAUDT48H14K569067
Jenny Gerritsma,WAUKF78E77A525333
Esme Schubbert,5TFCW5F14CX685561
Dita Colleer,WBAVB33536P143269
Kimmi Urridge,5UXZW0C57D0427483
Jonis Bowlesworth,WAUVT68E04A030578
Jeanna Worlock,JHMGE8G35DC078873
Lily Heintzsch,2V4RW3D14AR330781
Oralia Mitchley,WDDGF4HB4DA538197
Nissa McClinton,1N6AD0CU0FN112054
Jobie Stidston,WVWEU9AN5AE352231
Dunstan Aspall,SCBCP73W19C611994
Rafaelia Brims,5UXFE43587L622797
Seymour Scoullar,1GYS4BEF6ER679162
Marj Marzelo,WBA3C3C5XEF924072
Willa Lamb,JTHBL5EF5A5820247
Godfrey Byre,KMHCT4AE5EU216038
Madonna Crittal,5N1AN0NW1FN714214
Stephine Wittleton,JH4NA21643T692864
Belvia Brauninger,JTDKDTB36E1234344
Lorianna Filisov,KNDJT2A52D7603823
Lorilee Hopfer,2C3CCAKT7CH309440
Junette Zorzoni,JM3TB2CA3E0540920
Brennan Cote,WBAPK5C5XAA894207
Aila Waddie,WAUVFAFR8CA095046
Web Klulicek,3N1CN7AP1DL975945
Baryram Misselbrook,WAUWFAFR6AA896320
Estel Negus,1G6DK5EY3B0515586
Kenny Trewinnard,2G4GS5EV2D9917992
Bethany Saffran,JN8AF5MR2CT912421
Bette Guillon,WVGEG9BPXDD114503
Lindy Serridge,5UXWX7C54E0526398
Aila Georghiou,YV4952CF1D1054389
Janene Chalfont,1FTWW3CY5AE486317
Tedd Shingfield,1FTNS2EW8AD504778
Willdon Utting,1N6AA0CA1AN014867
Hiram Goacher,WAUDF78E18A264758
Kippy Metzel,1FTSX2A5XAE084100
Claus Ellesworthe,WAUAH74F99N030549
Remy Warboy,JTHHE5BC1F5585609
Jerrie Skase,WAULFAFH7AN772558
Kelwin O'Feeney,1G6DJ5EV5A0312576
Corilla Grelik,WBAXG5C50DD691492
Gisele Garvan,WVGEF9BP3DD437701
Marion Formilli,1GYEK63N75R465253
Wendell Hollingshead,1G6AR5SX1E0116044
Rayna Kelcey,1FTWX3B55AE534659
Nealy Dunbar,WA1VMBFE5CD020583
Addie Worsnop,2LMHJ5AR2BB467335
Kristal Terron,1N6AA0CJ2DN653361
Avigdor Meo,1C4AJWAG9CL498718
Vlad Roset,WP0AB2A87CS589345
Maren Barchrameev,2T2BK1BAXFC648681
Fallon Divall,1G6KA5EY3AU673671
Carita Skyram,WAUDF98EX6A950628
Meridith Bradock,WBA3N3C59FK497308
Shirline Reinmar,1G4HP57M39U252041
Lyda Ashmole,5N1AR1NB3CC251877
Ulises Fleay,5GADV33L35D945777
Robinson Osmant,WDCGG5GB8BF710160
Dynah Stanners,1G6DP1E30C0494924
Andras Cornels,WBAKB8C57AC161130
Courtney Insull,4T1BF3EK5AU007860
Meade Strongman,1GYUKKEF9AR831671
Cosimo Hardiker,SALVP1BG8CH592778
Patric Gazzard,SCFAB42331K021106
Cam Hurlestone,3D7TT2CT8BG724948
Iorgo Feake,1GD22ZCG7DZ787087
Bamby Scane,WBAVM5C50FV137642
Jere Damiral,WAUVT68E73A903693
Booth Seekings,WAUSH94FX8N248627
Carlos Gabbitas,2B3CJ7DJ8BH887420
Livy Dameisele,5N1BA0NE9FN840375
Crissy Erangey,JN8AF5MR2BT211151
Coralyn Sundin,WAUHF78P56A497803
Brandice Whaites,2C3CCAAG6DH703419
Ruthy Haines,19UUA9F55EA446833
Georgeanna Epple,WAUKG78E55A672003
Marillin Boykett,WBALW7C50CC240628
Irita Honnicott,2LMDJ6JK1EB862179
Birgitta Guthrum,2G4WB52K641615433
Chris Fawckner,3GTU2YEJXCG052408
Davidde Brennon,WDDGF4HB9DG484912
Sara-ann Cholwell,1G6AC5S3XD0056195
Babara Cockin,2HNYD2H62DH096950
Ev Bahl,19VDE1F79FE830238
Archaimbaud Mahoney,WBALL5C56EJ072540
Saunderson Eteen,JN1AY1AP4BM571150
Lazaro Whenham,5NPDH4AE2CH626510
Olvan Finden,1C4RDHDG0DC696770
Waly Readshaw,WBSKG9C57DJ039774
Giovanna Werrit,3N1CN7AP5EK276552
Ivory Elston,WBA3A9C58DF002858
Jeffry Alderton,5GAKVAED1CJ602403
Frederigo Shoebotham,SALAG2D43DA886378
Hodge Morrissey,5GAKVBKD7FJ322144
Chickie Howsego,1FTNS1EW0AD868512
Emiline McLaughlin,1N6AF0LY9EN970652
Tammie Goble,WDDLJ7GB6FA080195
Reese Gallegos,WAUJC68E13A269800
Justinn Moroney,WP0AB2A8XFK965461
Barbette McMackin,WBAWV5C51AP029996
Kim Birks,1G6AJ5SX1E0469133
Sacha Pape,KNADH5A38B6687984
Ker Cloake,1N4AA5AP9BC796846
Esra Lapidus,WAUAH78E27A127338
Kerrin Slatford,WAUMV94EX8N359879
Staffard Hadley,1N6AD0CU7EN687850
Bastian Tremathack,3D73Y4CL5AG796041
Nolana Michelin,JTDJTUD38ED300764
Jennica Garriock,3VWML7AJ4CM948151
Gaven Dodridge,1N6AF0LY7EN598504
Fonz Marskell,1FT7W2A69EE274171
Lynsey Kemble,JN8AF5MR6FT985800
Gail Tison,WAUKD98P26A427604
Gardie Kleuer,1G6DD8E36E0937064
Kalindi Annies,1N6AD0CU4CC439452
Abdul Vigrass,5LMJJ3H55AE614641
Janis Laslett,JN1BY1AP2DM861720
Margalit Lenox,WAUAFAFL8EN185514
Tallou Glasgow,3C63D3GLXCG796945
Alida De Brett,WDDJK7DAXDF207661
Wynn Grazier,5N1AA0NC6FN356965
Forrester Pressdee,TRUSC28N711150734
Cassy Coulling,3D7TP2CT8AG957893
Yurik Vanderson,1C4RDHAG5FC704594
Babette Keller,5TDBM5G17AS245501
Elbertine Brignell,2G4GT5GK6C9600103
Gabrielle Petow,SALFR2BG4DH508087
Rollins Cheshir,WAUKFBFL1EN775824
Erie Kearey,WBAYA6C55FD639399
Dinah Files,SCBCP73W99C518821
Giuditta Vaszoly,2HNYD28828H833796
Dyane Bocken,JH4KB16648C536477
Kerk Gillogley,SCBBR9ZA6CC722268
Grover Cheevers,KNDPB3A24D7628697
Tandie Salliere,WVWDB7AJ7EW641260
Harrietta Faragher,2T1BURHE1EC467622
Gilly Szymonowicz,WUARL48H65K814720
Lenka Hawley,TRUWT28N621023394
Cherida Brockhurst,WAUCFAFH8BN874825
Dallas Denisovich,WAUHF78P18A246490
Sarge Vannozzii,WA1CV74L57D296190
Jaye Plaide,WBAPL3C54AA042260
Mala Driutti,1FMCU4K35AK034093
Courtenay Elce,KMHFC4DF3AA936029
Edee Gerrietz,1C4RDJAG4CC441842
Bourke Trayling,2C3CCAJGXEH054791
Ashlin Frankiewicz,WAUKGAFB0AN183887
Ertha Maddern,TRUWT28N521655559
Vivi Tweed,JH4DC43511S465737
Morgan Mitrovic,WBALM7C54EE198784
Jakie Rickerby,1G6KD54YX3U964907
Rem Olphert,WAUDH94F86N348389
Averil Fellowes,WBAUN13569V481613
Udall Jacobsohn,1G6AM5SXXE0655972
Noby Rachuig,3FAHP0KC5AR429924
Lane Lefort,JM1NC2JF4C0519827
Loutitia Dominelli,WBAEU33413P782263
Clare Alsina,1G6DK5E30D0520431
Barbey Garnar,1GYS3DEF8ER951385
Susi Imorts,1FTEW1CM2CK783420
Randee Lowerson,WAUDH98E57A356976
Christal Gallety,1C3CDZBG7CN429499
Don Stemson,1G4GD5GR2CF793089
Candide Smouten,1FTWF3C59AE930448
Elfreda Mallaby,WAUAF78E88A428011
Jerad Marunchak,WAUAVAFDXBN050736
Gilles Petti,3GYEK62N34G371919
Benedetto Deeks,WA1BV94L27D554222
Molly Sturm,1FAHP2DW6BG121608
Lesley Kidney,WBA3A9C58DF814192
Dusty Snalum,JN1CV6AP6CM755540
Claudia Louth,WAUGL98E07A041224
Lynett Spurgin,1HGCP2E46AA222135
Olivette Mallatratt,JN8AE2KP9E9994330
Mara Waeland,2FMHK6CC3AB679308
Normy Kerr,1B3CC5FB0AN166910
Kania Cowell,WAUTFAFH8BN523025
Aldous Carnoghan,3N1CE2CP0EL409938
Cullin Briereton,5FPYK1F27EB143703
Taite Tydd,1N6AA0CC0BN388146
Goraud Guinnane,1FTSS3ELXAD919096
Reine Tingley,WBAEN33494E209024
Maurita Hache,3GYFNCE3XCS871642
Duane Balden,WAUSH74F58N414217
Onfroi Ibbotson,JN8AS5MT9AW346633
Normie Lightwing,4F2CY0C70BK279858
Shadow Pettet,1G6KD57Y67U799665
Rosamund Cawtheray,JA32X8HW9CU728083
Luelle Dumbrell,KNDJT2A16A7660017
James Cansdale,WAUEG98E26A305294
Sherill Scriver,SALVP2BGXFH713028
Nannette Eburah,4USCK73422L499278
Clay Brende,JTHBL1EF7A5370500
Ondrea Vittori,WA1MYAFE3AD964292
Moise Javes,WAUDL54F45N052193
Sheff Munning,19UUB3F5XFA214045
Penrod Lathan,1FTWF3A50AE328010
Tatum Holyland,3VW1K7AJ1DM251351
Buffy Dwight,1N6AA0EC8DN805979
Nahum Lipyeat,1J4RR4GGXBC593028
Calypso Bidwell,5NPEB4AC1CH630052
Thekla Stocky,JH4CU2F67BC959324
Hatty Biddleston,1G6AP5SX4F0720467
Gaspar Nibley,1FMEU5DE6AU609822
Durand Ebbitt,WAUGL98E88A127818
Bord Powdrell,WAUJC58E95A504585
Elonore Corradini,5UXKR6C50F0964761
Leigh Colliss,WAUEH74F66N543707
Quinton Basezzi,3FAHP0KC8AR684504
Fina Tocque,JTDKDTB35F1359630
Itch Parkin,2FMHK6CC7AB328093
Lin Clinning,1G6DJ5EG2A0649496
Barret Dakers,WBA3B3C56EJ495397
Helenka Waker,5N1AT2MK4FC256020
Cassondra Darbey,1G4GC5G3XEF980744
Leoline Spoole,JTDKDTB39F1446334
Milo Mattaus,WBA3C3C52FK612580
Leighton Burnhams,1G6DU6ED5B0543077
Tabor Abden,1G6YV34A955371714
Bentlee Newburn,WAUCFAFR6FA804195
Ennis MacAless,NM0AE8F78F1424146
Demetra Lowle,2T1BU4EE2BC495318
Kiley Fieldsend,WBANA53535B070785
Rockey Cristofor,3GYFNBE34ES708403
Haley O'Brian,WAUWGAFC6DN719708
Curcio Swansborough,SCBCR63WX4C104198
Titus Negus,WA1WKBFP1CA808998
Norris Howsden,WA1VKAFP2AA988642
Mariejeanne Wincott,1C4RDHDG8EC025042
Idelle Huggon,2C3CCABG4DH196745
Rutherford Sawers,1G6DM57T160411387
Suzy Devenish,YV4612HK2F1017603
Jeri Bortolini,5N1AN0NW2DN789310
Lezlie Twining,WAUSF98K89A065734
Alvina Dorken,JN8AZ1MU5EW324325
Drud Fishleigh,WBA5M6C58ED692946
Jaquenette Iacomi,WAUBFAFL9FN066991
Happy Rayment,1G6YV34A855189776
Giuseppe Wharby,1D4RD3GG4BC433308
Rozanne Wapol,WBA3F9C51FK928482
Ronald Ballefant,WDDPK4HA4DF479710
Tasha Mulvenna,1N6AF0KX8FN897865
Crichton Symson,5UXFE435X8L686163
Regine Blanch,2C3CDYCJ1CH411853
Axel Logsdail,1FBSS3BL8AD112374
Lanie Over,1G4GE5G36FF715377
Quint Olensby,1FTEW1C8XAK502724
Idette Rey,1FTSW2B51AE792169
Harp Tukesby,WDDGF4HB7CF486758
Sapphira Pawley,1G6DM5E34C0997114
Philomena Tattoo,YV1672MC9CJ207176
Harris Feldklein,4USFE43597L485283
Isadora Kaasmann,SALME1D4XAA654076
